CREATE TABLE IF NOT EXISTS `role` (
                                      `id` int(11) NOT NULL AUTO_INCREMENT,
                                      `name` varchar(20) DEFAULT NULL,
                                      PRIMARY KEY (`id`)
) ENGINE=InnoDB AUTO_INCREMENT=3 DEFAULT CHARSET=utf8;

INSERT INTO `role` (`id`, `name`) VALUES
                                      (1, 'ROLE_ADMIN'),
                                      (2, 'ROLE_USER');
COMMIT;

INSERT INTO user (id, company_domain, company_name, created_company, email, employed, firstname, lastname, password) VALUES (1, 0, null, 0, 'wildbrevet@gmail.com', 0, 'Wild', 'Brevet', '$2a$10$OpajrLhTmq.GAbIUZYfLOeVKrukEENJ/CHWfbDQFnIpocjHkNI7X2');
INSERT INTO user_roles (user_id, role_id) VALUES (1, 1);

create table if not exists domain
(
    id              int auto_increment
        primary key,
    big_domain_name varchar(250) not null,
    domain_name     varchar(250) not null,
    constraint domain_id_uindex
        unique (id)
);

INSERT INTO domain (id, big_domain_name, domain_name) VALUES (1, 'Electrotechnique', 'Machines, appareils et énergie électriques');
INSERT INTO domain (id, big_domain_name, domain_name) VALUES (2, 'Electrotechnique', 'Techniques audiovisuelles');
INSERT INTO domain (id, big_domain_name, domain_name) VALUES (3, 'Electrotechnique', 'Télécommunications');
INSERT INTO domain (id, big_domain_name, domain_name) VALUES (4, 'Electrotechnique', 'Communication numérique');
INSERT INTO domain (id, big_domain_name, domain_name) VALUES (5, 'Electrotechnique', 'Techniques de communication de base');
INSERT INTO domain (id, big_domain_name, domain_name) VALUES (6, 'Electrotechnique', 'Informatique');
INSERT INTO domain (id, big_domain_name, domain_name) VALUES (7, 'Electrotechnique', 'Méthodes de traitement de données à des fins de gestion');
INSERT INTO domain (id, big_domain_name, domain_name) VALUES (8, 'Electrotechnique', 'Semi-conducteurs');
INSERT INTO domain (id, big_domain_name, domain_name) VALUES (9, 'Instruments', 'Optique');
INSERT INTO domain (id, big_domain_name, domain_name) VALUES (10, 'Instruments', 'Technique de mesure');
INSERT INTO domain (id, big_domain_name, domain_name) VALUES (11, 'Instruments', 'Analyse de matériels biologiques');
INSERT INTO domain (id, big_domain_name, domain_name) VALUES (12, 'Instruments', 'Dispositifs de commande');
INSERT INTO domain (id, big_domain_name, domain_name) VALUES (13, 'Instruments', 'Technologie médicale');
INSERT INTO domain (id, big_domain_name, domain_name) VALUES (14, 'Chimie', 'Chimie fine organique');
INSERT INTO domain (id, big_domain_name, domain_name) VALUES (15, 'Chimie', 'Biotechnologie');
INSERT INTO domain (id, big_domain_name, domain_name) VALUES (16, 'Chimie', 'Produits pharmaceutiques');
INSERT INTO domain (id, big_domain_name, domain_name) VALUES (17, 'Chimie', 'Chimie macromoléculaire, polymères');
INSERT INTO domain (id, big_domain_name, domain_name) VALUES (18, 'Chimie', 'Chimie alimentaire');
INSERT INTO domain (id, big_domain_name, domain_name) VALUES (19, 'Chimie', 'Chimie de base');
INSERT INTO domain (id, big_domain_name, domain_name) VALUES (20, 'Chimie', 'Matériaux, métallurgie');
INSERT INTO domain (id, big_domain_name, domain_name) VALUES (21, 'Chimie', 'Technique de surface, revêtement');
INSERT INTO domain (id, big_domain_name, domain_name) VALUES (22, 'Chimie', 'Technologie des microstructures, nanotechnologie');
INSERT INTO domain (id, big_domain_name, domain_name) VALUES (23, 'Chimie', 'Génie chimique');
INSERT INTO domain (id, big_domain_name, domain_name) VALUES (24, 'Chimie', 'Ecotechnologie');
INSERT INTO domain (id, big_domain_name, domain_name) VALUES (25, 'Mécanique', 'Manutention');
INSERT INTO domain (id, big_domain_name, domain_name) VALUES (26, 'Mécanique', 'Machines-outils');
INSERT INTO domain (id, big_domain_name, domain_name) VALUES (27, 'Mécanique', 'Moteurs, pompes, turbines');
INSERT INTO domain (id, big_domain_name, domain_name) VALUES (28, 'Mécanique', 'Machines à fabriquer du papier et des textiles');
INSERT INTO domain (id, big_domain_name, domain_name) VALUES (29, 'Mécanique', 'Autres machines spéciales');
INSERT INTO domain (id, big_domain_name, domain_name) VALUES (30, 'Mécanique', 'Procédés et appareils thermiques');
INSERT INTO domain (id, big_domain_name, domain_name) VALUES (31, 'Mécanique', 'Eléments mécaniques');
INSERT INTO domain (id, big_domain_name, domain_name) VALUES (32, 'Mécanique', 'Transport');
INSERT INTO domain (id, big_domain_name, domain_name) VALUES (33, 'Autres Domaines', 'Mobilier, jeux');
INSERT INTO domain (id, big_domain_name, domain_name) VALUES (34, 'Autres Domaines', 'Autres biens de consommation');
INSERT INTO domain (id, big_domain_name, domain_name) VALUES (35, 'Autres Domaines', 'Génie civil');

CREATE TABLE IF NOT EXISTS ipc
(
     id  INTEGER  NOT NULL PRIMARY KEY AUTO_INCREMENT
    ,ipc VARCHAR(8) NOT NULL
);
INSERT INTO ipc(id,ipc) VALUES (1,'F21');
INSERT INTO ipc(id,ipc) VALUES (2,'H01B');
INSERT INTO ipc(id,ipc) VALUES (3,'H01C');
INSERT INTO ipc(id,ipc) VALUES (4,'H01F');
INSERT INTO ipc(id,ipc) VALUES (5,'H01G');
INSERT INTO ipc(id,ipc) VALUES (6,'H01H');
INSERT INTO ipc(id,ipc) VALUES (7,'H01J');
INSERT INTO ipc(id,ipc) VALUES (8,'H01K');
INSERT INTO ipc(id,ipc) VALUES (9,'H01M');
INSERT INTO ipc(id,ipc) VALUES (10,'H01R');
INSERT INTO ipc(id,ipc) VALUES (11,'H01T');
INSERT INTO ipc(id,ipc) VALUES (12,'H02');
INSERT INTO ipc(id,ipc) VALUES (13,'H05B');
INSERT INTO ipc(id,ipc) VALUES (14,'H05C');
INSERT INTO ipc(id,ipc) VALUES (15,'H05F');
INSERT INTO ipc(id,ipc) VALUES (16,'H99Z');
INSERT INTO ipc(id,ipc) VALUES (17,'G09F');
INSERT INTO ipc(id,ipc) VALUES (18,'G09G');
INSERT INTO ipc(id,ipc) VALUES (19,'G11B');
INSERT INTO ipc(id,ipc) VALUES (20,'H04N-003');
INSERT INTO ipc(id,ipc) VALUES (21,'H04N-005');
INSERT INTO ipc(id,ipc) VALUES (22,'H04N-007');
INSERT INTO ipc(id,ipc) VALUES (23,'H04N-009');
INSERT INTO ipc(id,ipc) VALUES (24,'H04N-011');
INSERT INTO ipc(id,ipc) VALUES (25,'H04N-013');
INSERT INTO ipc(id,ipc) VALUES (26,'H04N-015');
INSERT INTO ipc(id,ipc) VALUES (27,'H04N-017');
INSERT INTO ipc(id,ipc) VALUES (28,'H04N-019');
INSERT INTO ipc(id,ipc) VALUES (29,'H04N-021');
INSERT INTO ipc(id,ipc) VALUES (30,'H04N-101');
INSERT INTO ipc(id,ipc) VALUES (31,'H04R');
INSERT INTO ipc(id,ipc) VALUES (32,'H04S');
INSERT INTO ipc(id,ipc) VALUES (33,'H05K');
INSERT INTO ipc(id,ipc) VALUES (34,'G08C');
INSERT INTO ipc(id,ipc) VALUES (35,'H01P');
INSERT INTO ipc(id,ipc) VALUES (36,'H01Q');
INSERT INTO ipc(id,ipc) VALUES (37,'H04B');
INSERT INTO ipc(id,ipc) VALUES (38,'H04H');
INSERT INTO ipc(id,ipc) VALUES (39,'H04J');
INSERT INTO ipc(id,ipc) VALUES (40,'H04K');
INSERT INTO ipc(id,ipc) VALUES (41,'H04M');
INSERT INTO ipc(id,ipc) VALUES (42,'H04N-001');
INSERT INTO ipc(id,ipc) VALUES (43,'H04N-007');
INSERT INTO ipc(id,ipc) VALUES (44,'H04N-011');
INSERT INTO ipc(id,ipc) VALUES (45,'H04Q');
INSERT INTO ipc(id,ipc) VALUES (46,'H04L');
INSERT INTO ipc(id,ipc) VALUES (47,'H04N-021');
INSERT INTO ipc(id,ipc) VALUES (48,'H04W');
INSERT INTO ipc(id,ipc) VALUES (49,'H03');
INSERT INTO ipc(id,ipc) VALUES (50,'G06');
INSERT INTO ipc(id,ipc) VALUES (51,'G11C');
INSERT INTO ipc(id,ipc) VALUES (52,'G10L');
INSERT INTO ipc(id,ipc) VALUES (53,'G06Q');
INSERT INTO ipc(id,ipc) VALUES (54,'H01L');
INSERT INTO ipc(id,ipc) VALUES (55,'G02');
INSERT INTO ipc(id,ipc) VALUES (56,'G03B');
INSERT INTO ipc(id,ipc) VALUES (57,'G03C');
INSERT INTO ipc(id,ipc) VALUES (58,'G03D');
INSERT INTO ipc(id,ipc) VALUES (59,'G03F');
INSERT INTO ipc(id,ipc) VALUES (60,'G03G');
INSERT INTO ipc(id,ipc) VALUES (61,'G03H');
INSERT INTO ipc(id,ipc) VALUES (62,'H01S');
INSERT INTO ipc(id,ipc) VALUES (63,'G01B');
INSERT INTO ipc(id,ipc) VALUES (64,'G01C');
INSERT INTO ipc(id,ipc) VALUES (65,'G01D');
INSERT INTO ipc(id,ipc) VALUES (66,'G01F');
INSERT INTO ipc(id,ipc) VALUES (67,'G01G');
INSERT INTO ipc(id,ipc) VALUES (68,'G01H');
INSERT INTO ipc(id,ipc) VALUES (69,'G01J');
INSERT INTO ipc(id,ipc) VALUES (70,'G01K');
INSERT INTO ipc(id,ipc) VALUES (71,'G01L');
INSERT INTO ipc(id,ipc) VALUES (72,'G01M');
INSERT INTO ipc(id,ipc) VALUES (73,'G01N');
INSERT INTO ipc(id,ipc) VALUES (74,'G01P');
INSERT INTO ipc(id,ipc) VALUES (75,'G01Q');
INSERT INTO ipc(id,ipc) VALUES (76,'G01R');
INSERT INTO ipc(id,ipc) VALUES (77,'G01S');
INSERT INTO ipc(id,ipc) VALUES (78,'G01V');
INSERT INTO ipc(id,ipc) VALUES (79,'G01W');
INSERT INTO ipc(id,ipc) VALUES (80,'G04');
INSERT INTO ipc(id,ipc) VALUES (81,'G12B');
INSERT INTO ipc(id,ipc) VALUES (82,'G99Z');
INSERT INTO ipc(id,ipc) VALUES (83,'G01N-033');
INSERT INTO ipc(id,ipc) VALUES (84,'G05B');
INSERT INTO ipc(id,ipc) VALUES (85,'G05D');
INSERT INTO ipc(id,ipc) VALUES (86,'G05F');
INSERT INTO ipc(id,ipc) VALUES (87,'G07');
INSERT INTO ipc(id,ipc) VALUES (88,'G08B');
INSERT INTO ipc(id,ipc) VALUES (89,'G08G');
INSERT INTO ipc(id,ipc) VALUES (90,'G09B');
INSERT INTO ipc(id,ipc) VALUES (91,'G09C');
INSERT INTO ipc(id,ipc) VALUES (92,'G09D');
INSERT INTO ipc(id,ipc) VALUES (93,'A61B');
INSERT INTO ipc(id,ipc) VALUES (94,'A61C');
INSERT INTO ipc(id,ipc) VALUES (95,'A61D');
INSERT INTO ipc(id,ipc) VALUES (96,'A61F');
INSERT INTO ipc(id,ipc) VALUES (97,'A61G');
INSERT INTO ipc(id,ipc) VALUES (98,'A61H');
INSERT INTO ipc(id,ipc) VALUES (99,'A61J');
INSERT INTO ipc(id,ipc) VALUES (100,'A61L');
INSERT INTO ipc(id,ipc) VALUES (101,'A61M');
INSERT INTO ipc(id,ipc) VALUES (102,'A61N');
INSERT INTO ipc(id,ipc) VALUES (103,'G16H');
INSERT INTO ipc(id,ipc) VALUES (104,'H05G');
INSERT INTO ipc(id,ipc) VALUES (105,'C07B');
INSERT INTO ipc(id,ipc) VALUES (106,'C07C');
INSERT INTO ipc(id,ipc) VALUES (107,'C07D');
INSERT INTO ipc(id,ipc) VALUES (108,'C07F');
INSERT INTO ipc(id,ipc) VALUES (109,'C07H');
INSERT INTO ipc(id,ipc) VALUES (110,'C07J');
INSERT INTO ipc(id,ipc) VALUES (111,'C40B');
INSERT INTO ipc(id,ipc) VALUES (112,'A61K-008');
INSERT INTO ipc(id,ipc) VALUES (113,'A61Q');
INSERT INTO ipc(id,ipc) VALUES (114,'C07G');
INSERT INTO ipc(id,ipc) VALUES (115,'C07K');
INSERT INTO ipc(id,ipc) VALUES (116,'C12M');
INSERT INTO ipc(id,ipc) VALUES (117,'C12N');
INSERT INTO ipc(id,ipc) VALUES (118,'C12P');
INSERT INTO ipc(id,ipc) VALUES (119,'C12Q');
INSERT INTO ipc(id,ipc) VALUES (120,'C12R');
INSERT INTO ipc(id,ipc) VALUES (121,'C12S');
INSERT INTO ipc(id,ipc) VALUES (122,'A61P');
INSERT INTO ipc(id,ipc) VALUES (123,'A61K');
INSERT INTO ipc(id,ipc) VALUES (124,'C08B');
INSERT INTO ipc(id,ipc) VALUES (125,'C08C');
INSERT INTO ipc(id,ipc) VALUES (126,'C08F');
INSERT INTO ipc(id,ipc) VALUES (127,'C08G');
INSERT INTO ipc(id,ipc) VALUES (128,'C08H');
INSERT INTO ipc(id,ipc) VALUES (129,'C08K');
INSERT INTO ipc(id,ipc) VALUES (130,'C08L');
INSERT INTO ipc(id,ipc) VALUES (131,'A01H');
INSERT INTO ipc(id,ipc) VALUES (132,'A21D');
INSERT INTO ipc(id,ipc) VALUES (133,'A23B');
INSERT INTO ipc(id,ipc) VALUES (134,'A23C');
INSERT INTO ipc(id,ipc) VALUES (135,'A23D');
INSERT INTO ipc(id,ipc) VALUES (136,'A23F');
INSERT INTO ipc(id,ipc) VALUES (137,'A23G');
INSERT INTO ipc(id,ipc) VALUES (138,'A23J');
INSERT INTO ipc(id,ipc) VALUES (139,'A23K');
INSERT INTO ipc(id,ipc) VALUES (140,'A23L');
INSERT INTO ipc(id,ipc) VALUES (141,'C12C');
INSERT INTO ipc(id,ipc) VALUES (142,'C12F');
INSERT INTO ipc(id,ipc) VALUES (143,'C12G');
INSERT INTO ipc(id,ipc) VALUES (144,'C12H');
INSERT INTO ipc(id,ipc) VALUES (145,'C12J');
INSERT INTO ipc(id,ipc) VALUES (146,'C13B-010');
INSERT INTO ipc(id,ipc) VALUES (147,'C13B-020');
INSERT INTO ipc(id,ipc) VALUES (148,'C13B-030');
INSERT INTO ipc(id,ipc) VALUES (149,'C13B-035');
INSERT INTO ipc(id,ipc) VALUES (150,'C13B-040');
INSERT INTO ipc(id,ipc) VALUES (151,'C13B-050');
INSERT INTO ipc(id,ipc) VALUES (152,'C13B-099');
INSERT INTO ipc(id,ipc) VALUES (153,'C13D');
INSERT INTO ipc(id,ipc) VALUES (154,'C13F');
INSERT INTO ipc(id,ipc) VALUES (155,'C13J');
INSERT INTO ipc(id,ipc) VALUES (156,'C13K');
INSERT INTO ipc(id,ipc) VALUES (157,'A01N');
INSERT INTO ipc(id,ipc) VALUES (158,'A01P');
INSERT INTO ipc(id,ipc) VALUES (159,'C05');
INSERT INTO ipc(id,ipc) VALUES (160,'C06');
INSERT INTO ipc(id,ipc) VALUES (161,'C09B');
INSERT INTO ipc(id,ipc) VALUES (162,'C09C');
INSERT INTO ipc(id,ipc) VALUES (163,'C09F');
INSERT INTO ipc(id,ipc) VALUES (164,'C09G');
INSERT INTO ipc(id,ipc) VALUES (165,'C09H');
INSERT INTO ipc(id,ipc) VALUES (166,'C09K');
INSERT INTO ipc(id,ipc) VALUES (167,'C09D');
INSERT INTO ipc(id,ipc) VALUES (168,'C09J');
INSERT INTO ipc(id,ipc) VALUES (169,'C10B');
INSERT INTO ipc(id,ipc) VALUES (170,'C10C');
INSERT INTO ipc(id,ipc) VALUES (171,'C10F');
INSERT INTO ipc(id,ipc) VALUES (172,'C10G');
INSERT INTO ipc(id,ipc) VALUES (173,'C10H');
INSERT INTO ipc(id,ipc) VALUES (174,'C10J');
INSERT INTO ipc(id,ipc) VALUES (175,'C10K');
INSERT INTO ipc(id,ipc) VALUES (176,'C10L');
INSERT INTO ipc(id,ipc) VALUES (177,'C10M');
INSERT INTO ipc(id,ipc) VALUES (178,'C10N');
INSERT INTO ipc(id,ipc) VALUES (179,'C11B');
INSERT INTO ipc(id,ipc) VALUES (180,'C11C');
INSERT INTO ipc(id,ipc) VALUES (181,'C11D');
INSERT INTO ipc(id,ipc) VALUES (182,'C99Z');
INSERT INTO ipc(id,ipc) VALUES (183,'C01');
INSERT INTO ipc(id,ipc) VALUES (184,'C03C');
INSERT INTO ipc(id,ipc) VALUES (185,'C04');
INSERT INTO ipc(id,ipc) VALUES (186,'C21');
INSERT INTO ipc(id,ipc) VALUES (187,'C22');
INSERT INTO ipc(id,ipc) VALUES (188,'B22');
INSERT INTO ipc(id,ipc) VALUES (189,'B05C');
INSERT INTO ipc(id,ipc) VALUES (190,'B05D');
INSERT INTO ipc(id,ipc) VALUES (191,'B32');
INSERT INTO ipc(id,ipc) VALUES (192,'C23');
INSERT INTO ipc(id,ipc) VALUES (193,'C25');
INSERT INTO ipc(id,ipc) VALUES (194,'C30');
INSERT INTO ipc(id,ipc) VALUES (195,'B81');
INSERT INTO ipc(id,ipc) VALUES (196,'B82');
INSERT INTO ipc(id,ipc) VALUES (197,'B01B');
INSERT INTO ipc(id,ipc) VALUES (198,'B01D-00');
INSERT INTO ipc(id,ipc) VALUES (199,'B01D-01');
INSERT INTO ipc(id,ipc) VALUES (200,'B01D-02');
INSERT INTO ipc(id,ipc) VALUES (201,'B01D-03');
INSERT INTO ipc(id,ipc) VALUES (202,'B01D-041');
INSERT INTO ipc(id,ipc) VALUES (203,'B01D-043');
INSERT INTO ipc(id,ipc) VALUES (204,'B01D-057');
INSERT INTO ipc(id,ipc) VALUES (205,'B01D-059');
INSERT INTO ipc(id,ipc) VALUES (206,'B01D-06');
INSERT INTO ipc(id,ipc) VALUES (207,'B01D-07');
INSERT INTO ipc(id,ipc) VALUES (208,'B01F');
INSERT INTO ipc(id,ipc) VALUES (209,'B01J');
INSERT INTO ipc(id,ipc) VALUES (210,'B01L');
INSERT INTO ipc(id,ipc) VALUES (211,'B02C');
INSERT INTO ipc(id,ipc) VALUES (212,'B03');
INSERT INTO ipc(id,ipc) VALUES (213,'B04');
INSERT INTO ipc(id,ipc) VALUES (214,'B05B');
INSERT INTO ipc(id,ipc) VALUES (215,'B06B');
INSERT INTO ipc(id,ipc) VALUES (216,'B07');
INSERT INTO ipc(id,ipc) VALUES (217,'B08');
INSERT INTO ipc(id,ipc) VALUES (218,'D06B');
INSERT INTO ipc(id,ipc) VALUES (219,'D06C');
INSERT INTO ipc(id,ipc) VALUES (220,'D06L');
INSERT INTO ipc(id,ipc) VALUES (221,'F25J');
INSERT INTO ipc(id,ipc) VALUES (222,'F26');
INSERT INTO ipc(id,ipc) VALUES (223,'C14C');
INSERT INTO ipc(id,ipc) VALUES (224,'H05H');
INSERT INTO ipc(id,ipc) VALUES (225,'B01D-045');
INSERT INTO ipc(id,ipc) VALUES (226,'B01D-046');
INSERT INTO ipc(id,ipc) VALUES (227,'B01D-047');
INSERT INTO ipc(id,ipc) VALUES (228,'B01D-049');
INSERT INTO ipc(id,ipc) VALUES (229,'B01D-050');
INSERT INTO ipc(id,ipc) VALUES (230,'B01D-051');
INSERT INTO ipc(id,ipc) VALUES (231,'B01D-052');
INSERT INTO ipc(id,ipc) VALUES (232,'B01D-053');
INSERT INTO ipc(id,ipc) VALUES (233,'B09');
INSERT INTO ipc(id,ipc) VALUES (234,'B65F');
INSERT INTO ipc(id,ipc) VALUES (235,'C02');
INSERT INTO ipc(id,ipc) VALUES (236,'F01N');
INSERT INTO ipc(id,ipc) VALUES (237,'F23G');
INSERT INTO ipc(id,ipc) VALUES (238,'F23J');
INSERT INTO ipc(id,ipc) VALUES (239,'G01T');
INSERT INTO ipc(id,ipc) VALUES (240,'E01F-008');
INSERT INTO ipc(id,ipc) VALUES (241,'A62C');
INSERT INTO ipc(id,ipc) VALUES (242,'B25J');
INSERT INTO ipc(id,ipc) VALUES (243,'B65B');
INSERT INTO ipc(id,ipc) VALUES (244,'B65C');
INSERT INTO ipc(id,ipc) VALUES (245,'B65D');
INSERT INTO ipc(id,ipc) VALUES (246,'B65G');
INSERT INTO ipc(id,ipc) VALUES (247,'B65H');
INSERT INTO ipc(id,ipc) VALUES (248,'B66');
INSERT INTO ipc(id,ipc) VALUES (249,'B67');
INSERT INTO ipc(id,ipc) VALUES (250,'A62D');
INSERT INTO ipc(id,ipc) VALUES (251,'B21');
INSERT INTO ipc(id,ipc) VALUES (252,'B23');
INSERT INTO ipc(id,ipc) VALUES (253,'B24');
INSERT INTO ipc(id,ipc) VALUES (254,'B26D');
INSERT INTO ipc(id,ipc) VALUES (255,'B26F');
INSERT INTO ipc(id,ipc) VALUES (256,'B27');
INSERT INTO ipc(id,ipc) VALUES (257,'B30');
INSERT INTO ipc(id,ipc) VALUES (258,'B25B');
INSERT INTO ipc(id,ipc) VALUES (259,'B25C');
INSERT INTO ipc(id,ipc) VALUES (260,'B25D');
INSERT INTO ipc(id,ipc) VALUES (261,'B25F');
INSERT INTO ipc(id,ipc) VALUES (262,'B25G');
INSERT INTO ipc(id,ipc) VALUES (263,'B25H');
INSERT INTO ipc(id,ipc) VALUES (264,'B26B');
INSERT INTO ipc(id,ipc) VALUES (265,'F01B');
INSERT INTO ipc(id,ipc) VALUES (266,'F01C');
INSERT INTO ipc(id,ipc) VALUES (267,'F01D');
INSERT INTO ipc(id,ipc) VALUES (268,'F01K');
INSERT INTO ipc(id,ipc) VALUES (269,'F01L');
INSERT INTO ipc(id,ipc) VALUES (270,'F01M');
INSERT INTO ipc(id,ipc) VALUES (271,'F01P');
INSERT INTO ipc(id,ipc) VALUES (272,'F02');
INSERT INTO ipc(id,ipc) VALUES (273,'F03');
INSERT INTO ipc(id,ipc) VALUES (274,'F04');
INSERT INTO ipc(id,ipc) VALUES (275,'F23R');
INSERT INTO ipc(id,ipc) VALUES (276,'G21');
INSERT INTO ipc(id,ipc) VALUES (277,'F99Z');
INSERT INTO ipc(id,ipc) VALUES (278,'A41H');
INSERT INTO ipc(id,ipc) VALUES (279,'A43D');
INSERT INTO ipc(id,ipc) VALUES (280,'A46D');
INSERT INTO ipc(id,ipc) VALUES (281,'C14B');
INSERT INTO ipc(id,ipc) VALUES (282,'D01');
INSERT INTO ipc(id,ipc) VALUES (283,'D02');
INSERT INTO ipc(id,ipc) VALUES (284,'D03');
INSERT INTO ipc(id,ipc) VALUES (285,'D04B');
INSERT INTO ipc(id,ipc) VALUES (286,'D04C');
INSERT INTO ipc(id,ipc) VALUES (287,'D04G');
INSERT INTO ipc(id,ipc) VALUES (288,'D04H');
INSERT INTO ipc(id,ipc) VALUES (289,'D05');
INSERT INTO ipc(id,ipc) VALUES (290,'D06G');
INSERT INTO ipc(id,ipc) VALUES (291,'D06H');
INSERT INTO ipc(id,ipc) VALUES (292,'D06J');
INSERT INTO ipc(id,ipc) VALUES (293,'D06M');
INSERT INTO ipc(id,ipc) VALUES (294,'D06P');
INSERT INTO ipc(id,ipc) VALUES (295,'D06Q');
INSERT INTO ipc(id,ipc) VALUES (296,'D99Z');
INSERT INTO ipc(id,ipc) VALUES (297,'B31');
INSERT INTO ipc(id,ipc) VALUES (298,'D21');
INSERT INTO ipc(id,ipc) VALUES (299,'B41');
INSERT INTO ipc(id,ipc) VALUES (300,'A01B');
INSERT INTO ipc(id,ipc) VALUES (301,'A01C');
INSERT INTO ipc(id,ipc) VALUES (302,'A01D');
INSERT INTO ipc(id,ipc) VALUES (303,'A01F');
INSERT INTO ipc(id,ipc) VALUES (304,'A01G');
INSERT INTO ipc(id,ipc) VALUES (305,'A01J');
INSERT INTO ipc(id,ipc) VALUES (306,'A01K');
INSERT INTO ipc(id,ipc) VALUES (307,'A01L');
INSERT INTO ipc(id,ipc) VALUES (308,'A01M');
INSERT INTO ipc(id,ipc) VALUES (309,'A21B');
INSERT INTO ipc(id,ipc) VALUES (310,'A21C');
INSERT INTO ipc(id,ipc) VALUES (311,'A22');
INSERT INTO ipc(id,ipc) VALUES (312,'A23N');
INSERT INTO ipc(id,ipc) VALUES (313,'A23P');
INSERT INTO ipc(id,ipc) VALUES (314,'B02B');
INSERT INTO ipc(id,ipc) VALUES (315,'B28');
INSERT INTO ipc(id,ipc) VALUES (316,'B29');
INSERT INTO ipc(id,ipc) VALUES (317,'B33Y');
INSERT INTO ipc(id,ipc) VALUES (318,'B99Z');
INSERT INTO ipc(id,ipc) VALUES (319,'C03B');
INSERT INTO ipc(id,ipc) VALUES (320,'C08J');
INSERT INTO ipc(id,ipc) VALUES (321,'C12L');
INSERT INTO ipc(id,ipc) VALUES (322,'C13B-005');
INSERT INTO ipc(id,ipc) VALUES (323,'C13B-015');
INSERT INTO ipc(id,ipc) VALUES (324,'C13B-025');
INSERT INTO ipc(id,ipc) VALUES (325,'C13B-045');
INSERT INTO ipc(id,ipc) VALUES (326,'C13C');
INSERT INTO ipc(id,ipc) VALUES (327,'C13G');
INSERT INTO ipc(id,ipc) VALUES (328,'C13H');
INSERT INTO ipc(id,ipc) VALUES (329,'F41');
INSERT INTO ipc(id,ipc) VALUES (330,'F42');
INSERT INTO ipc(id,ipc) VALUES (331,'F22');
INSERT INTO ipc(id,ipc) VALUES (332,'F23B');
INSERT INTO ipc(id,ipc) VALUES (333,'F23C');
INSERT INTO ipc(id,ipc) VALUES (334,'F23D');
INSERT INTO ipc(id,ipc) VALUES (335,'F23H');
INSERT INTO ipc(id,ipc) VALUES (336,'F23K');
INSERT INTO ipc(id,ipc) VALUES (337,'F23L');
INSERT INTO ipc(id,ipc) VALUES (338,'F23M');
INSERT INTO ipc(id,ipc) VALUES (339,'F23N');
INSERT INTO ipc(id,ipc) VALUES (340,'F23Q');
INSERT INTO ipc(id,ipc) VALUES (341,'F24');
INSERT INTO ipc(id,ipc) VALUES (342,'F25B');
INSERT INTO ipc(id,ipc) VALUES (343,'F25C');
INSERT INTO ipc(id,ipc) VALUES (344,'F27');
INSERT INTO ipc(id,ipc) VALUES (345,'F28');
INSERT INTO ipc(id,ipc) VALUES (346,'F15');
INSERT INTO ipc(id,ipc) VALUES (347,'F16');
INSERT INTO ipc(id,ipc) VALUES (348,'F17');
INSERT INTO ipc(id,ipc) VALUES (349,'G05G');
INSERT INTO ipc(id,ipc) VALUES (350,'B60');
INSERT INTO ipc(id,ipc) VALUES (351,'B61');
INSERT INTO ipc(id,ipc) VALUES (352,'B62');
INSERT INTO ipc(id,ipc) VALUES (353,'B63B');
INSERT INTO ipc(id,ipc) VALUES (354,'B63C');
INSERT INTO ipc(id,ipc) VALUES (355,'B63G');
INSERT INTO ipc(id,ipc) VALUES (356,'B63H');
INSERT INTO ipc(id,ipc) VALUES (357,'B63J');
INSERT INTO ipc(id,ipc) VALUES (358,'B64');
INSERT INTO ipc(id,ipc) VALUES (359,'A47');
INSERT INTO ipc(id,ipc) VALUES (360,'A63');
INSERT INTO ipc(id,ipc) VALUES (361,'A24');
INSERT INTO ipc(id,ipc) VALUES (362,'A41B');
INSERT INTO ipc(id,ipc) VALUES (363,'A41C');
INSERT INTO ipc(id,ipc) VALUES (364,'A41D');
INSERT INTO ipc(id,ipc) VALUES (365,'A41F');
INSERT INTO ipc(id,ipc) VALUES (366,'A41G');
INSERT INTO ipc(id,ipc) VALUES (367,'A42');
INSERT INTO ipc(id,ipc) VALUES (368,'A43B');
INSERT INTO ipc(id,ipc) VALUES (369,'A43C');
INSERT INTO ipc(id,ipc) VALUES (370,'A44');
INSERT INTO ipc(id,ipc) VALUES (371,'A45');
INSERT INTO ipc(id,ipc) VALUES (372,'A46B');
INSERT INTO ipc(id,ipc) VALUES (373,'A62B');
INSERT INTO ipc(id,ipc) VALUES (374,'B42');
INSERT INTO ipc(id,ipc) VALUES (375,'B43');
INSERT INTO ipc(id,ipc) VALUES (376,'D04D');
INSERT INTO ipc(id,ipc) VALUES (377,'D07');
INSERT INTO ipc(id,ipc) VALUES (378,'G10B');
INSERT INTO ipc(id,ipc) VALUES (379,'G10C');
INSERT INTO ipc(id,ipc) VALUES (380,'G10D');
INSERT INTO ipc(id,ipc) VALUES (381,'G10F');
INSERT INTO ipc(id,ipc) VALUES (382,'G10G');
INSERT INTO ipc(id,ipc) VALUES (383,'G10H');
INSERT INTO ipc(id,ipc) VALUES (384,'G10K');
INSERT INTO ipc(id,ipc) VALUES (385,'B44');
INSERT INTO ipc(id,ipc) VALUES (386,'B68');
INSERT INTO ipc(id,ipc) VALUES (387,'D06F');
INSERT INTO ipc(id,ipc) VALUES (388,'D06N');
INSERT INTO ipc(id,ipc) VALUES (389,'F25D');
INSERT INTO ipc(id,ipc) VALUES (390,'A99Z');
INSERT INTO ipc(id,ipc) VALUES (391,'E02');
INSERT INTO ipc(id,ipc) VALUES (392,'E01B');
INSERT INTO ipc(id,ipc) VALUES (393,'E01C');
INSERT INTO ipc(id,ipc) VALUES (394,'E01D');
INSERT INTO ipc(id,ipc) VALUES (395,'E01F-001');
INSERT INTO ipc(id,ipc) VALUES (396,'E01F-003');
INSERT INTO ipc(id,ipc) VALUES (397,'E01F-005');
INSERT INTO ipc(id,ipc) VALUES (398,'E01F-007');
INSERT INTO ipc(id,ipc) VALUES (399,'E01F-009');
INSERT INTO ipc(id,ipc) VALUES (400,'E01F-01');
INSERT INTO ipc(id,ipc) VALUES (401,'E01H');
INSERT INTO ipc(id,ipc) VALUES (402,'E03');
INSERT INTO ipc(id,ipc) VALUES (403,'E04');
INSERT INTO ipc(id,ipc) VALUES (404,'E05');
INSERT INTO ipc(id,ipc) VALUES (405,'E06');
INSERT INTO ipc(id,ipc) VALUES (406,'E21');
INSERT INTO ipc(id,ipc) VALUES (407,'E99Z');

create table if not exists domain_ipc
(
    ipc_id    bigint not null,
    domain_id bigint not null,
    constraint FKb0rjvg74x4uglg7hsmnu49539
        foreign key (ipc_id) references ipc (id),
    constraint FKdraj9mtx3uef8tdjrypfo6gu6
        foreign key (domain_id) references domain (id)
);

INSERT INTO domain_ipc (ipc_id, domain_id) VALUES (1, 1);
INSERT INTO domain_ipc (ipc_id, domain_id) VALUES (2, 1);
INSERT INTO domain_ipc (ipc_id, domain_id) VALUES (3, 1);
INSERT INTO domain_ipc (ipc_id, domain_id) VALUES (4, 1);
INSERT INTO domain_ipc (ipc_id, domain_id) VALUES (5, 1);
INSERT INTO domain_ipc (ipc_id, domain_id) VALUES (6, 1);
INSERT INTO domain_ipc (ipc_id, domain_id) VALUES (7, 1);
INSERT INTO domain_ipc (ipc_id, domain_id) VALUES (8, 1);
INSERT INTO domain_ipc (ipc_id, domain_id) VALUES (9, 1);
INSERT INTO domain_ipc (ipc_id, domain_id) VALUES (10, 1);
INSERT INTO domain_ipc (ipc_id, domain_id) VALUES (11, 1);
INSERT INTO domain_ipc (ipc_id, domain_id) VALUES (12, 1);
INSERT INTO domain_ipc (ipc_id, domain_id) VALUES (13, 1);
INSERT INTO domain_ipc (ipc_id, domain_id) VALUES (14, 1);
INSERT INTO domain_ipc (ipc_id, domain_id) VALUES (15, 1);
INSERT INTO domain_ipc (ipc_id, domain_id) VALUES (16, 1);
INSERT INTO domain_ipc (ipc_id, domain_id) VALUES (17, 2);
INSERT INTO domain_ipc (ipc_id, domain_id) VALUES (18, 2);
INSERT INTO domain_ipc (ipc_id, domain_id) VALUES (19, 2);
INSERT INTO domain_ipc (ipc_id, domain_id) VALUES (20, 2);
INSERT INTO domain_ipc (ipc_id, domain_id) VALUES (21, 2);
INSERT INTO domain_ipc (ipc_id, domain_id) VALUES (22, 2);
INSERT INTO domain_ipc (ipc_id, domain_id) VALUES (23, 2);
INSERT INTO domain_ipc (ipc_id, domain_id) VALUES (24, 2);
INSERT INTO domain_ipc (ipc_id, domain_id) VALUES (25, 2);
INSERT INTO domain_ipc (ipc_id, domain_id) VALUES (26, 2);
INSERT INTO domain_ipc (ipc_id, domain_id) VALUES (27, 2);
INSERT INTO domain_ipc (ipc_id, domain_id) VALUES (28, 2);
INSERT INTO domain_ipc (ipc_id, domain_id) VALUES (29, 2);
INSERT INTO domain_ipc (ipc_id, domain_id) VALUES (30, 2);
INSERT INTO domain_ipc (ipc_id, domain_id) VALUES (31, 2);
INSERT INTO domain_ipc (ipc_id, domain_id) VALUES (32, 2);
INSERT INTO domain_ipc (ipc_id, domain_id) VALUES (33, 2);
INSERT INTO domain_ipc (ipc_id, domain_id) VALUES (34, 3);
INSERT INTO domain_ipc (ipc_id, domain_id) VALUES (35, 3);
INSERT INTO domain_ipc (ipc_id, domain_id) VALUES (36, 3);
INSERT INTO domain_ipc (ipc_id, domain_id) VALUES (37, 3);
INSERT INTO domain_ipc (ipc_id, domain_id) VALUES (38, 3);
INSERT INTO domain_ipc (ipc_id, domain_id) VALUES (39, 3);
INSERT INTO domain_ipc (ipc_id, domain_id) VALUES (40, 3);
INSERT INTO domain_ipc (ipc_id, domain_id) VALUES (41, 3);
INSERT INTO domain_ipc (ipc_id, domain_id) VALUES (42, 3);
INSERT INTO domain_ipc (ipc_id, domain_id) VALUES (43, 3);
INSERT INTO domain_ipc (ipc_id, domain_id) VALUES (44, 3);
INSERT INTO domain_ipc (ipc_id, domain_id) VALUES (45, 3);
INSERT INTO domain_ipc (ipc_id, domain_id) VALUES (46, 4);
INSERT INTO domain_ipc (ipc_id, domain_id) VALUES (47, 4);
INSERT INTO domain_ipc (ipc_id, domain_id) VALUES (48, 4);
INSERT INTO domain_ipc (ipc_id, domain_id) VALUES (49, 5);
INSERT INTO domain_ipc (ipc_id, domain_id) VALUES (50, 6);
INSERT INTO domain_ipc (ipc_id, domain_id) VALUES (51, 6);
INSERT INTO domain_ipc (ipc_id, domain_id) VALUES (52, 6);
INSERT INTO domain_ipc (ipc_id, domain_id) VALUES (53, 7);
INSERT INTO domain_ipc (ipc_id, domain_id) VALUES (54, 8);
INSERT INTO domain_ipc (ipc_id, domain_id) VALUES (55, 9);
INSERT INTO domain_ipc (ipc_id, domain_id) VALUES (56, 9);
INSERT INTO domain_ipc (ipc_id, domain_id) VALUES (57, 9);
INSERT INTO domain_ipc (ipc_id, domain_id) VALUES (58, 9);
INSERT INTO domain_ipc (ipc_id, domain_id) VALUES (59, 9);
INSERT INTO domain_ipc (ipc_id, domain_id) VALUES (60, 9);
INSERT INTO domain_ipc (ipc_id, domain_id) VALUES (61, 9);
INSERT INTO domain_ipc (ipc_id, domain_id) VALUES (62, 9);
INSERT INTO domain_ipc (ipc_id, domain_id) VALUES (63, 10);
INSERT INTO domain_ipc (ipc_id, domain_id) VALUES (64, 10);
INSERT INTO domain_ipc (ipc_id, domain_id) VALUES (65, 10);
INSERT INTO domain_ipc (ipc_id, domain_id) VALUES (66, 10);
INSERT INTO domain_ipc (ipc_id, domain_id) VALUES (67, 10);
INSERT INTO domain_ipc (ipc_id, domain_id) VALUES (68, 10);
INSERT INTO domain_ipc (ipc_id, domain_id) VALUES (69, 10);
INSERT INTO domain_ipc (ipc_id, domain_id) VALUES (70, 10);
INSERT INTO domain_ipc (ipc_id, domain_id) VALUES (71, 10);
INSERT INTO domain_ipc (ipc_id, domain_id) VALUES (72, 10);
INSERT INTO domain_ipc (ipc_id, domain_id) VALUES (73, 10);
INSERT INTO domain_ipc (ipc_id, domain_id) VALUES (74, 10);
INSERT INTO domain_ipc (ipc_id, domain_id) VALUES (75, 10);
INSERT INTO domain_ipc (ipc_id, domain_id) VALUES (76, 10);
INSERT INTO domain_ipc (ipc_id, domain_id) VALUES (77, 10);
INSERT INTO domain_ipc (ipc_id, domain_id) VALUES (78, 10);
INSERT INTO domain_ipc (ipc_id, domain_id) VALUES (79, 10);
INSERT INTO domain_ipc (ipc_id, domain_id) VALUES (80, 10);
INSERT INTO domain_ipc (ipc_id, domain_id) VALUES (81, 10);
INSERT INTO domain_ipc (ipc_id, domain_id) VALUES (82, 10);
INSERT INTO domain_ipc (ipc_id, domain_id) VALUES (83, 11);
INSERT INTO domain_ipc (ipc_id, domain_id) VALUES (84, 12);
INSERT INTO domain_ipc (ipc_id, domain_id) VALUES (85, 12);
INSERT INTO domain_ipc (ipc_id, domain_id) VALUES (86, 12);
INSERT INTO domain_ipc (ipc_id, domain_id) VALUES (87, 12);
INSERT INTO domain_ipc (ipc_id, domain_id) VALUES (88, 12);
INSERT INTO domain_ipc (ipc_id, domain_id) VALUES (89, 12);
INSERT INTO domain_ipc (ipc_id, domain_id) VALUES (90, 12);
INSERT INTO domain_ipc (ipc_id, domain_id) VALUES (91, 12);
INSERT INTO domain_ipc (ipc_id, domain_id) VALUES (92, 12);
INSERT INTO domain_ipc (ipc_id, domain_id) VALUES (93, 13);
INSERT INTO domain_ipc (ipc_id, domain_id) VALUES (94, 13);
INSERT INTO domain_ipc (ipc_id, domain_id) VALUES (95, 13);
INSERT INTO domain_ipc (ipc_id, domain_id) VALUES (96, 13);
INSERT INTO domain_ipc (ipc_id, domain_id) VALUES (97, 13);
INSERT INTO domain_ipc (ipc_id, domain_id) VALUES (98, 13);
INSERT INTO domain_ipc (ipc_id, domain_id) VALUES (99, 13);
INSERT INTO domain_ipc (ipc_id, domain_id) VALUES (100, 13);
INSERT INTO domain_ipc (ipc_id, domain_id) VALUES (101, 13);
INSERT INTO domain_ipc (ipc_id, domain_id) VALUES (102, 13);
INSERT INTO domain_ipc (ipc_id, domain_id) VALUES (103, 13);
INSERT INTO domain_ipc (ipc_id, domain_id) VALUES (104, 13);
INSERT INTO domain_ipc (ipc_id, domain_id) VALUES (105, 14);
INSERT INTO domain_ipc (ipc_id, domain_id) VALUES (106, 14);
INSERT INTO domain_ipc (ipc_id, domain_id) VALUES (107, 14);
INSERT INTO domain_ipc (ipc_id, domain_id) VALUES (108, 14);
INSERT INTO domain_ipc (ipc_id, domain_id) VALUES (109, 14);
INSERT INTO domain_ipc (ipc_id, domain_id) VALUES (110, 14);
INSERT INTO domain_ipc (ipc_id, domain_id) VALUES (111, 14);
INSERT INTO domain_ipc (ipc_id, domain_id) VALUES (112, 14);
INSERT INTO domain_ipc (ipc_id, domain_id) VALUES (113, 14);
INSERT INTO domain_ipc (ipc_id, domain_id) VALUES (114, 15);
INSERT INTO domain_ipc (ipc_id, domain_id) VALUES (115, 15);
INSERT INTO domain_ipc (ipc_id, domain_id) VALUES (116, 15);
INSERT INTO domain_ipc (ipc_id, domain_id) VALUES (117, 15);
INSERT INTO domain_ipc (ipc_id, domain_id) VALUES (118, 15);
INSERT INTO domain_ipc (ipc_id, domain_id) VALUES (119, 15);
INSERT INTO domain_ipc (ipc_id, domain_id) VALUES (120, 15);
INSERT INTO domain_ipc (ipc_id, domain_id) VALUES (121, 15);
INSERT INTO domain_ipc (ipc_id, domain_id) VALUES (122, 16);
INSERT INTO domain_ipc (ipc_id, domain_id) VALUES (123, 16);
INSERT INTO domain_ipc (ipc_id, domain_id) VALUES (124, 17);
INSERT INTO domain_ipc (ipc_id, domain_id) VALUES (125, 17);
INSERT INTO domain_ipc (ipc_id, domain_id) VALUES (126, 17);
INSERT INTO domain_ipc (ipc_id, domain_id) VALUES (127, 17);
INSERT INTO domain_ipc (ipc_id, domain_id) VALUES (128, 17);
INSERT INTO domain_ipc (ipc_id, domain_id) VALUES (129, 17);
INSERT INTO domain_ipc (ipc_id, domain_id) VALUES (130, 17);
INSERT INTO domain_ipc (ipc_id, domain_id) VALUES (131, 18);
INSERT INTO domain_ipc (ipc_id, domain_id) VALUES (132, 18);
INSERT INTO domain_ipc (ipc_id, domain_id) VALUES (133, 18);
INSERT INTO domain_ipc (ipc_id, domain_id) VALUES (134, 18);
INSERT INTO domain_ipc (ipc_id, domain_id) VALUES (135, 18);
INSERT INTO domain_ipc (ipc_id, domain_id) VALUES (136, 18);
INSERT INTO domain_ipc (ipc_id, domain_id) VALUES (137, 18);
INSERT INTO domain_ipc (ipc_id, domain_id) VALUES (138, 18);
INSERT INTO domain_ipc (ipc_id, domain_id) VALUES (139, 18);
INSERT INTO domain_ipc (ipc_id, domain_id) VALUES (140, 18);
INSERT INTO domain_ipc (ipc_id, domain_id) VALUES (141, 18);
INSERT INTO domain_ipc (ipc_id, domain_id) VALUES (142, 18);
INSERT INTO domain_ipc (ipc_id, domain_id) VALUES (143, 18);
INSERT INTO domain_ipc (ipc_id, domain_id) VALUES (144, 18);
INSERT INTO domain_ipc (ipc_id, domain_id) VALUES (145, 18);
INSERT INTO domain_ipc (ipc_id, domain_id) VALUES (146, 18);
INSERT INTO domain_ipc (ipc_id, domain_id) VALUES (147, 18);
INSERT INTO domain_ipc (ipc_id, domain_id) VALUES (148, 18);
INSERT INTO domain_ipc (ipc_id, domain_id) VALUES (149, 18);
INSERT INTO domain_ipc (ipc_id, domain_id) VALUES (150, 18);
INSERT INTO domain_ipc (ipc_id, domain_id) VALUES (151, 18);
INSERT INTO domain_ipc (ipc_id, domain_id) VALUES (152, 18);
INSERT INTO domain_ipc (ipc_id, domain_id) VALUES (153, 18);
INSERT INTO domain_ipc (ipc_id, domain_id) VALUES (154, 18);
INSERT INTO domain_ipc (ipc_id, domain_id) VALUES (155, 18);
INSERT INTO domain_ipc (ipc_id, domain_id) VALUES (156, 18);
INSERT INTO domain_ipc (ipc_id, domain_id) VALUES (157, 19);
INSERT INTO domain_ipc (ipc_id, domain_id) VALUES (158, 19);
INSERT INTO domain_ipc (ipc_id, domain_id) VALUES (159, 19);
INSERT INTO domain_ipc (ipc_id, domain_id) VALUES (160, 19);
INSERT INTO domain_ipc (ipc_id, domain_id) VALUES (161, 19);
INSERT INTO domain_ipc (ipc_id, domain_id) VALUES (162, 19);
INSERT INTO domain_ipc (ipc_id, domain_id) VALUES (163, 19);
INSERT INTO domain_ipc (ipc_id, domain_id) VALUES (164, 19);
INSERT INTO domain_ipc (ipc_id, domain_id) VALUES (165, 19);
INSERT INTO domain_ipc (ipc_id, domain_id) VALUES (166, 19);
INSERT INTO domain_ipc (ipc_id, domain_id) VALUES (167, 19);
INSERT INTO domain_ipc (ipc_id, domain_id) VALUES (168, 19);
INSERT INTO domain_ipc (ipc_id, domain_id) VALUES (169, 19);
INSERT INTO domain_ipc (ipc_id, domain_id) VALUES (170, 19);
INSERT INTO domain_ipc (ipc_id, domain_id) VALUES (171, 19);
INSERT INTO domain_ipc (ipc_id, domain_id) VALUES (172, 19);
INSERT INTO domain_ipc (ipc_id, domain_id) VALUES (173, 19);
INSERT INTO domain_ipc (ipc_id, domain_id) VALUES (174, 19);
INSERT INTO domain_ipc (ipc_id, domain_id) VALUES (175, 19);
INSERT INTO domain_ipc (ipc_id, domain_id) VALUES (176, 19);
INSERT INTO domain_ipc (ipc_id, domain_id) VALUES (177, 19);
INSERT INTO domain_ipc (ipc_id, domain_id) VALUES (178, 19);
INSERT INTO domain_ipc (ipc_id, domain_id) VALUES (179, 19);
INSERT INTO domain_ipc (ipc_id, domain_id) VALUES (180, 19);
INSERT INTO domain_ipc (ipc_id, domain_id) VALUES (181, 19);
INSERT INTO domain_ipc (ipc_id, domain_id) VALUES (182, 19);
INSERT INTO domain_ipc (ipc_id, domain_id) VALUES (183, 20);
INSERT INTO domain_ipc (ipc_id, domain_id) VALUES (184, 20);
INSERT INTO domain_ipc (ipc_id, domain_id) VALUES (185, 20);
INSERT INTO domain_ipc (ipc_id, domain_id) VALUES (186, 20);
INSERT INTO domain_ipc (ipc_id, domain_id) VALUES (187, 20);
INSERT INTO domain_ipc (ipc_id, domain_id) VALUES (188, 20);
INSERT INTO domain_ipc (ipc_id, domain_id) VALUES (189, 21);
INSERT INTO domain_ipc (ipc_id, domain_id) VALUES (190, 21);
INSERT INTO domain_ipc (ipc_id, domain_id) VALUES (191, 21);
INSERT INTO domain_ipc (ipc_id, domain_id) VALUES (192, 21);
INSERT INTO domain_ipc (ipc_id, domain_id) VALUES (193, 21);
INSERT INTO domain_ipc (ipc_id, domain_id) VALUES (194, 21);
INSERT INTO domain_ipc (ipc_id, domain_id) VALUES (195, 22);
INSERT INTO domain_ipc (ipc_id, domain_id) VALUES (196, 22);
INSERT INTO domain_ipc (ipc_id, domain_id) VALUES (197, 23);
INSERT INTO domain_ipc (ipc_id, domain_id) VALUES (198, 23);
INSERT INTO domain_ipc (ipc_id, domain_id) VALUES (199, 23);
INSERT INTO domain_ipc (ipc_id, domain_id) VALUES (200, 23);
INSERT INTO domain_ipc (ipc_id, domain_id) VALUES (201, 23);
INSERT INTO domain_ipc (ipc_id, domain_id) VALUES (202, 23);
INSERT INTO domain_ipc (ipc_id, domain_id) VALUES (203, 23);
INSERT INTO domain_ipc (ipc_id, domain_id) VALUES (204, 23);
INSERT INTO domain_ipc (ipc_id, domain_id) VALUES (205, 23);
INSERT INTO domain_ipc (ipc_id, domain_id) VALUES (206, 23);
INSERT INTO domain_ipc (ipc_id, domain_id) VALUES (207, 23);
INSERT INTO domain_ipc (ipc_id, domain_id) VALUES (208, 23);
INSERT INTO domain_ipc (ipc_id, domain_id) VALUES (209, 23);
INSERT INTO domain_ipc (ipc_id, domain_id) VALUES (210, 23);
INSERT INTO domain_ipc (ipc_id, domain_id) VALUES (211, 23);
INSERT INTO domain_ipc (ipc_id, domain_id) VALUES (212, 23);
INSERT INTO domain_ipc (ipc_id, domain_id) VALUES (213, 23);
INSERT INTO domain_ipc (ipc_id, domain_id) VALUES (214, 23);
INSERT INTO domain_ipc (ipc_id, domain_id) VALUES (215, 23);
INSERT INTO domain_ipc (ipc_id, domain_id) VALUES (216, 23);
INSERT INTO domain_ipc (ipc_id, domain_id) VALUES (217, 23);
INSERT INTO domain_ipc (ipc_id, domain_id) VALUES (218, 23);
INSERT INTO domain_ipc (ipc_id, domain_id) VALUES (219, 23);
INSERT INTO domain_ipc (ipc_id, domain_id) VALUES (220, 23);
INSERT INTO domain_ipc (ipc_id, domain_id) VALUES (221, 23);
INSERT INTO domain_ipc (ipc_id, domain_id) VALUES (222, 23);
INSERT INTO domain_ipc (ipc_id, domain_id) VALUES (223, 23);
INSERT INTO domain_ipc (ipc_id, domain_id) VALUES (224, 23);
INSERT INTO domain_ipc (ipc_id, domain_id) VALUES (225, 24);
INSERT INTO domain_ipc (ipc_id, domain_id) VALUES (226, 24);
INSERT INTO domain_ipc (ipc_id, domain_id) VALUES (227, 24);
INSERT INTO domain_ipc (ipc_id, domain_id) VALUES (228, 24);
INSERT INTO domain_ipc (ipc_id, domain_id) VALUES (229, 24);
INSERT INTO domain_ipc (ipc_id, domain_id) VALUES (230, 24);
INSERT INTO domain_ipc (ipc_id, domain_id) VALUES (231, 24);
INSERT INTO domain_ipc (ipc_id, domain_id) VALUES (232, 24);
INSERT INTO domain_ipc (ipc_id, domain_id) VALUES (233, 24);
INSERT INTO domain_ipc (ipc_id, domain_id) VALUES (234, 24);
INSERT INTO domain_ipc (ipc_id, domain_id) VALUES (235, 24);
INSERT INTO domain_ipc (ipc_id, domain_id) VALUES (236, 24);
INSERT INTO domain_ipc (ipc_id, domain_id) VALUES (237, 24);
INSERT INTO domain_ipc (ipc_id, domain_id) VALUES (238, 24);
INSERT INTO domain_ipc (ipc_id, domain_id) VALUES (239, 24);
INSERT INTO domain_ipc (ipc_id, domain_id) VALUES (240, 24);
INSERT INTO domain_ipc (ipc_id, domain_id) VALUES (241, 24);
INSERT INTO domain_ipc (ipc_id, domain_id) VALUES (242, 25);
INSERT INTO domain_ipc (ipc_id, domain_id) VALUES (243, 25);
INSERT INTO domain_ipc (ipc_id, domain_id) VALUES (244, 25);
INSERT INTO domain_ipc (ipc_id, domain_id) VALUES (245, 25);
INSERT INTO domain_ipc (ipc_id, domain_id) VALUES (246, 25);
INSERT INTO domain_ipc (ipc_id, domain_id) VALUES (247, 25);
INSERT INTO domain_ipc (ipc_id, domain_id) VALUES (248, 25);
INSERT INTO domain_ipc (ipc_id, domain_id) VALUES (249, 25);
INSERT INTO domain_ipc (ipc_id, domain_id) VALUES (250, 26);
INSERT INTO domain_ipc (ipc_id, domain_id) VALUES (251, 26);
INSERT INTO domain_ipc (ipc_id, domain_id) VALUES (252, 26);
INSERT INTO domain_ipc (ipc_id, domain_id) VALUES (253, 26);
INSERT INTO domain_ipc (ipc_id, domain_id) VALUES (254, 26);
INSERT INTO domain_ipc (ipc_id, domain_id) VALUES (255, 26);
INSERT INTO domain_ipc (ipc_id, domain_id) VALUES (256, 26);
INSERT INTO domain_ipc (ipc_id, domain_id) VALUES (257, 26);
INSERT INTO domain_ipc (ipc_id, domain_id) VALUES (258, 26);
INSERT INTO domain_ipc (ipc_id, domain_id) VALUES (259, 26);
INSERT INTO domain_ipc (ipc_id, domain_id) VALUES (260, 26);
INSERT INTO domain_ipc (ipc_id, domain_id) VALUES (261, 26);
INSERT INTO domain_ipc (ipc_id, domain_id) VALUES (262, 26);
INSERT INTO domain_ipc (ipc_id, domain_id) VALUES (263, 26);
INSERT INTO domain_ipc (ipc_id, domain_id) VALUES (264, 26);
INSERT INTO domain_ipc (ipc_id, domain_id) VALUES (265, 27);
INSERT INTO domain_ipc (ipc_id, domain_id) VALUES (266, 27);
INSERT INTO domain_ipc (ipc_id, domain_id) VALUES (267, 27);
INSERT INTO domain_ipc (ipc_id, domain_id) VALUES (268, 27);
INSERT INTO domain_ipc (ipc_id, domain_id) VALUES (269, 27);
INSERT INTO domain_ipc (ipc_id, domain_id) VALUES (270, 27);
INSERT INTO domain_ipc (ipc_id, domain_id) VALUES (271, 27);
INSERT INTO domain_ipc (ipc_id, domain_id) VALUES (272, 27);
INSERT INTO domain_ipc (ipc_id, domain_id) VALUES (273, 27);
INSERT INTO domain_ipc (ipc_id, domain_id) VALUES (274, 27);
INSERT INTO domain_ipc (ipc_id, domain_id) VALUES (275, 27);
INSERT INTO domain_ipc (ipc_id, domain_id) VALUES (276, 27);
INSERT INTO domain_ipc (ipc_id, domain_id) VALUES (277, 27);
INSERT INTO domain_ipc (ipc_id, domain_id) VALUES (278, 28);
INSERT INTO domain_ipc (ipc_id, domain_id) VALUES (279, 28);
INSERT INTO domain_ipc (ipc_id, domain_id) VALUES (280, 28);
INSERT INTO domain_ipc (ipc_id, domain_id) VALUES (281, 28);
INSERT INTO domain_ipc (ipc_id, domain_id) VALUES (282, 28);
INSERT INTO domain_ipc (ipc_id, domain_id) VALUES (283, 28);
INSERT INTO domain_ipc (ipc_id, domain_id) VALUES (284, 28);
INSERT INTO domain_ipc (ipc_id, domain_id) VALUES (285, 28);
INSERT INTO domain_ipc (ipc_id, domain_id) VALUES (286, 28);
INSERT INTO domain_ipc (ipc_id, domain_id) VALUES (287, 28);
INSERT INTO domain_ipc (ipc_id, domain_id) VALUES (288, 28);
INSERT INTO domain_ipc (ipc_id, domain_id) VALUES (289, 28);
INSERT INTO domain_ipc (ipc_id, domain_id) VALUES (290, 28);
INSERT INTO domain_ipc (ipc_id, domain_id) VALUES (291, 28);
INSERT INTO domain_ipc (ipc_id, domain_id) VALUES (292, 28);
INSERT INTO domain_ipc (ipc_id, domain_id) VALUES (293, 28);
INSERT INTO domain_ipc (ipc_id, domain_id) VALUES (294, 28);
INSERT INTO domain_ipc (ipc_id, domain_id) VALUES (295, 28);
INSERT INTO domain_ipc (ipc_id, domain_id) VALUES (296, 28);
INSERT INTO domain_ipc (ipc_id, domain_id) VALUES (297, 28);
INSERT INTO domain_ipc (ipc_id, domain_id) VALUES (298, 28);
INSERT INTO domain_ipc (ipc_id, domain_id) VALUES (299, 28);
INSERT INTO domain_ipc (ipc_id, domain_id) VALUES (300, 29);
INSERT INTO domain_ipc (ipc_id, domain_id) VALUES (301, 29);
INSERT INTO domain_ipc (ipc_id, domain_id) VALUES (302, 29);
INSERT INTO domain_ipc (ipc_id, domain_id) VALUES (303, 29);
INSERT INTO domain_ipc (ipc_id, domain_id) VALUES (304, 29);
INSERT INTO domain_ipc (ipc_id, domain_id) VALUES (305, 29);
INSERT INTO domain_ipc (ipc_id, domain_id) VALUES (306, 29);
INSERT INTO domain_ipc (ipc_id, domain_id) VALUES (307, 29);
INSERT INTO domain_ipc (ipc_id, domain_id) VALUES (308, 29);
INSERT INTO domain_ipc (ipc_id, domain_id) VALUES (309, 29);
INSERT INTO domain_ipc (ipc_id, domain_id) VALUES (310, 29);
INSERT INTO domain_ipc (ipc_id, domain_id) VALUES (311, 29);
INSERT INTO domain_ipc (ipc_id, domain_id) VALUES (312, 29);
INSERT INTO domain_ipc (ipc_id, domain_id) VALUES (313, 29);
INSERT INTO domain_ipc (ipc_id, domain_id) VALUES (314, 29);
INSERT INTO domain_ipc (ipc_id, domain_id) VALUES (315, 29);
INSERT INTO domain_ipc (ipc_id, domain_id) VALUES (316, 29);
INSERT INTO domain_ipc (ipc_id, domain_id) VALUES (317, 29);
INSERT INTO domain_ipc (ipc_id, domain_id) VALUES (318, 29);
INSERT INTO domain_ipc (ipc_id, domain_id) VALUES (319, 29);
INSERT INTO domain_ipc (ipc_id, domain_id) VALUES (320, 29);
INSERT INTO domain_ipc (ipc_id, domain_id) VALUES (321, 29);
INSERT INTO domain_ipc (ipc_id, domain_id) VALUES (322, 29);
INSERT INTO domain_ipc (ipc_id, domain_id) VALUES (323, 29);
INSERT INTO domain_ipc (ipc_id, domain_id) VALUES (324, 29);
INSERT INTO domain_ipc (ipc_id, domain_id) VALUES (325, 29);
INSERT INTO domain_ipc (ipc_id, domain_id) VALUES (326, 29);
INSERT INTO domain_ipc (ipc_id, domain_id) VALUES (327, 29);
INSERT INTO domain_ipc (ipc_id, domain_id) VALUES (328, 29);
INSERT INTO domain_ipc (ipc_id, domain_id) VALUES (329, 29);
INSERT INTO domain_ipc (ipc_id, domain_id) VALUES (330, 29);
INSERT INTO domain_ipc (ipc_id, domain_id) VALUES (331, 30);
INSERT INTO domain_ipc (ipc_id, domain_id) VALUES (332, 30);
INSERT INTO domain_ipc (ipc_id, domain_id) VALUES (333, 30);
INSERT INTO domain_ipc (ipc_id, domain_id) VALUES (334, 30);
INSERT INTO domain_ipc (ipc_id, domain_id) VALUES (335, 30);
INSERT INTO domain_ipc (ipc_id, domain_id) VALUES (336, 30);
INSERT INTO domain_ipc (ipc_id, domain_id) VALUES (337, 30);
INSERT INTO domain_ipc (ipc_id, domain_id) VALUES (338, 30);
INSERT INTO domain_ipc (ipc_id, domain_id) VALUES (339, 30);
INSERT INTO domain_ipc (ipc_id, domain_id) VALUES (340, 30);
INSERT INTO domain_ipc (ipc_id, domain_id) VALUES (341, 30);
INSERT INTO domain_ipc (ipc_id, domain_id) VALUES (342, 30);
INSERT INTO domain_ipc (ipc_id, domain_id) VALUES (343, 30);
INSERT INTO domain_ipc (ipc_id, domain_id) VALUES (344, 30);
INSERT INTO domain_ipc (ipc_id, domain_id) VALUES (345, 30);
INSERT INTO domain_ipc (ipc_id, domain_id) VALUES (346, 31);
INSERT INTO domain_ipc (ipc_id, domain_id) VALUES (347, 31);
INSERT INTO domain_ipc (ipc_id, domain_id) VALUES (348, 31);
INSERT INTO domain_ipc (ipc_id, domain_id) VALUES (349, 31);
INSERT INTO domain_ipc (ipc_id, domain_id) VALUES (350, 32);
INSERT INTO domain_ipc (ipc_id, domain_id) VALUES (351, 32);
INSERT INTO domain_ipc (ipc_id, domain_id) VALUES (352, 32);
INSERT INTO domain_ipc (ipc_id, domain_id) VALUES (353, 32);
INSERT INTO domain_ipc (ipc_id, domain_id) VALUES (354, 32);
INSERT INTO domain_ipc (ipc_id, domain_id) VALUES (355, 32);
INSERT INTO domain_ipc (ipc_id, domain_id) VALUES (356, 32);
INSERT INTO domain_ipc (ipc_id, domain_id) VALUES (357, 32);
INSERT INTO domain_ipc (ipc_id, domain_id) VALUES (358, 32);
INSERT INTO domain_ipc (ipc_id, domain_id) VALUES (359, 33);
INSERT INTO domain_ipc (ipc_id, domain_id) VALUES (360, 33);
INSERT INTO domain_ipc (ipc_id, domain_id) VALUES (361, 34);
INSERT INTO domain_ipc (ipc_id, domain_id) VALUES (362, 34);
INSERT INTO domain_ipc (ipc_id, domain_id) VALUES (363, 34);
INSERT INTO domain_ipc (ipc_id, domain_id) VALUES (364, 34);
INSERT INTO domain_ipc (ipc_id, domain_id) VALUES (365, 34);
INSERT INTO domain_ipc (ipc_id, domain_id) VALUES (366, 34);
INSERT INTO domain_ipc (ipc_id, domain_id) VALUES (367, 34);
INSERT INTO domain_ipc (ipc_id, domain_id) VALUES (368, 34);
INSERT INTO domain_ipc (ipc_id, domain_id) VALUES (369, 34);
INSERT INTO domain_ipc (ipc_id, domain_id) VALUES (370, 34);
INSERT INTO domain_ipc (ipc_id, domain_id) VALUES (371, 34);
INSERT INTO domain_ipc (ipc_id, domain_id) VALUES (372, 34);
INSERT INTO domain_ipc (ipc_id, domain_id) VALUES (373, 34);
INSERT INTO domain_ipc (ipc_id, domain_id) VALUES (374, 34);
INSERT INTO domain_ipc (ipc_id, domain_id) VALUES (375, 34);
INSERT INTO domain_ipc (ipc_id, domain_id) VALUES (376, 34);
INSERT INTO domain_ipc (ipc_id, domain_id) VALUES (377, 34);
INSERT INTO domain_ipc (ipc_id, domain_id) VALUES (378, 34);
INSERT INTO domain_ipc (ipc_id, domain_id) VALUES (379, 34);
INSERT INTO domain_ipc (ipc_id, domain_id) VALUES (380, 34);
INSERT INTO domain_ipc (ipc_id, domain_id) VALUES (381, 34);
INSERT INTO domain_ipc (ipc_id, domain_id) VALUES (382, 34);
INSERT INTO domain_ipc (ipc_id, domain_id) VALUES (383, 34);
INSERT INTO domain_ipc (ipc_id, domain_id) VALUES (384, 34);
INSERT INTO domain_ipc (ipc_id, domain_id) VALUES (385, 34);
INSERT INTO domain_ipc (ipc_id, domain_id) VALUES (386, 34);
INSERT INTO domain_ipc (ipc_id, domain_id) VALUES (387, 34);
INSERT INTO domain_ipc (ipc_id, domain_id) VALUES (388, 34);
INSERT INTO domain_ipc (ipc_id, domain_id) VALUES (389, 34);
INSERT INTO domain_ipc (ipc_id, domain_id) VALUES (390, 34);
INSERT INTO domain_ipc (ipc_id, domain_id) VALUES (391, 35);
INSERT INTO domain_ipc (ipc_id, domain_id) VALUES (392, 35);
INSERT INTO domain_ipc (ipc_id, domain_id) VALUES (393, 35);
INSERT INTO domain_ipc (ipc_id, domain_id) VALUES (394, 35);
INSERT INTO domain_ipc (ipc_id, domain_id) VALUES (395, 35);
INSERT INTO domain_ipc (ipc_id, domain_id) VALUES (396, 35);
INSERT INTO domain_ipc (ipc_id, domain_id) VALUES (397, 35);
INSERT INTO domain_ipc (ipc_id, domain_id) VALUES (398, 35);
INSERT INTO domain_ipc (ipc_id, domain_id) VALUES (399, 35);
INSERT INTO domain_ipc (ipc_id, domain_id) VALUES (400, 35);
INSERT INTO domain_ipc (ipc_id, domain_id) VALUES (401, 35);
INSERT INTO domain_ipc (ipc_id, domain_id) VALUES (402, 35);
INSERT INTO domain_ipc (ipc_id, domain_id) VALUES (403, 35);
INSERT INTO domain_ipc (ipc_id, domain_id) VALUES (404, 35);
INSERT INTO domain_ipc (ipc_id, domain_id) VALUES (405, 35);
INSERT INTO domain_ipc (ipc_id, domain_id) VALUES (406, 35);
INSERT INTO domain_ipc (ipc_id, domain_id) VALUES (407, 35);

